{"cameraMode":{"drawMode":0,"name":"Shaded","section":"Shading Mode"},"sceneLighting":false,"audioPlay":false,"sceneViewState":{"showFog":true,"showMaterialUpdate":false,"showSkybox":false,"showFlares":true,"showImageEffects":true,"showParticleSystems":true},"in2DMode":false,"pivot":{"x":-2.0791549682617189,"y":0.1053762435913086,"z":-7.2853546142578129},"rotation":{"x":-0.2794845998287201,"y":0.17645424604415894,"z":-0.05231602117419243,"w":-0.9423700571060181},"size":13.88565444946289,"orthographic":false}