{"cameraMode":{"drawMode":0,"name":"Shaded","section":"Shading Mode"},"sceneLighting":false,"audioPlay":false,"sceneViewState":{"showFog":true,"showMaterialUpdate":false,"showSkybox":false,"showFlares":true,"showImageEffects":true,"showParticleSystems":true},"in2DMode":false,"pivot":{"x":0.6722310781478882,"y":-2.147019386291504,"z":2.624178886413574},"rotation":{"x":-0.3185006380081177,"y":0.030427349731326104,"z":-0.010206036269664765,"w":-0.9474106431007385},"size":13.289776802062989,"orthographic":false}