{"cameraMode":{"drawMode":0,"name":"Shaded","section":"Shading Mode"},"sceneLighting":false,"audioPlay":false,"sceneViewState":{"showFog":true,"showMaterialUpdate":false,"showSkybox":false,"showFlares":true,"showImageEffects":true,"showParticleSystems":true},"in2DMode":false,"pivot":{"x":0.04492000490427017,"y":1.5472784042358399,"z":0.03544974327087402},"rotation":{"x":-0.08122187107801438,"y":-0.0038869096897542478,"z":0.00034481644979678094,"w":-0.9967173337936401},"size":1.1097511053085328,"orthographic":false}