{"cameraMode":{"drawMode":0,"name":"Shaded","section":"Shading Mode"},"sceneLighting":false,"audioPlay":false,"sceneViewState":{"showFog":true,"showMaterialUpdate":false,"showSkybox":false,"showFlares":true,"showImageEffects":true,"showParticleSystems":true},"in2DMode":false,"pivot":{"x":0.4354313611984253,"y":1.6892805099487305,"z":-2.241067886352539},"rotation":{"x":-0.44092610478401186,"y":0.06239084154367447,"z":-0.03071804717183113,"w":-0.8948716521263123},"size":7.390398979187012,"orthographic":false}