{"cameraMode":{"drawMode":0,"name":"Shaded","section":"Shading Mode"},"sceneLighting":false,"audioPlay":false,"sceneViewState":{"showFog":true,"showMaterialUpdate":false,"showSkybox":false,"showFlares":true,"showImageEffects":true,"showParticleSystems":true},"in2DMode":false,"pivot":{"x":-4.008514404296875,"y":21.62670135498047,"z":1.2146263122558594},"rotation":{"x":-0.16295909881591798,"y":0.46734103560447695,"z":-0.08807684481143952,"w":-0.8644803762435913},"size":33.521305084228519,"orthographic":false}