{"cameraMode":{"drawMode":0,"name":"Shaded","section":"Shading Mode"},"sceneLighting":false,"audioPlay":false,"sceneViewState":{"showFog":true,"showMaterialUpdate":false,"showSkybox":false,"showFlares":true,"showImageEffects":true,"showParticleSystems":true},"in2DMode":false,"pivot":{"x":6.93118143081665,"y":-4.905904769897461,"z":7.825441360473633},"rotation":{"x":-0.4311996400356293,"y":0.0032522070687264206,"z":-0.0015380262630060316,"w":-0.9022857546806336},"size":15.894015312194825,"orthographic":false}