{"cameraMode":{"drawMode":0,"name":"Shaded","section":"Shading Mode"},"sceneLighting":false,"audioPlay":false,"sceneViewState":{"showFog":true,"showMaterialUpdate":false,"showSkybox":false,"showFlares":true,"showImageEffects":true,"showParticleSystems":true},"in2DMode":false,"pivot":{"x":-6.315210342407227,"y":0.05256986618041992,"z":-10.613798141479493},"rotation":{"x":-0.08762405067682266,"y":0.6109837889671326,"z":-0.06827397644519806,"w":-0.783840000629425},"size":7.659316539764404,"orthographic":false}