{"cameraMode":{"drawMode":0,"name":"Shaded","section":"Shading Mode"},"sceneLighting":false,"audioPlay":false,"sceneViewState":{"showFog":true,"showMaterialUpdate":false,"showSkybox":false,"showFlares":true,"showImageEffects":true,"showParticleSystems":true},"in2DMode":false,"pivot":{"x":1.5760469436645508,"y":1.294790267944336,"z":6.288528919219971},"rotation":{"x":-0.24724149703979493,"y":-0.1340804100036621,"z":0.03455202654004097,"w":-0.9590242505073547},"size":9.743547439575196,"orthographic":false}