{"cameraMode":{"drawMode":0,"name":"Shaded","section":"Shading Mode"},"sceneLighting":true,"audioPlay":false,"sceneViewState":{"showFog":true,"showMaterialUpdate":false,"showSkybox":true,"showFlares":true,"showImageEffects":true,"showParticleSystems":true},"in2DMode":false,"pivot":{"x":1.8487815856933594,"y":2.9305238723754885,"z":0.6115469932556152},"rotation":{"x":-0.21315036714076997,"y":0.19543766975402833,"z":-0.04356246814131737,"w":-0.9562825560569763},"size":6.23573112487793,"orthographic":false}