{"cameraMode":{"drawMode":0,"name":"Shaded","section":"Shading Mode"},"sceneLighting":true,"audioPlay":false,"sceneViewState":{"showFog":true,"showMaterialUpdate":false,"showSkybox":true,"showFlares":true,"showImageEffects":true,"showParticleSystems":true},"in2DMode":false,"pivot":{"x":-0.8748266696929932,"y":-4.308601379394531,"z":8.905359268188477},"rotation":{"x":-0.10808176547288895,"y":0.01699618436396122,"z":-0.0018498976714909077,"w":-0.9939959049224854},"size":0.7972609996795654,"orthographic":false}